Row	c1	c2	c3
d_glucose	2.0290873175791	2.06712712179127	2.07072153915501
d_fructose	1.93960199650609	2.33262135198643	2.41374285094922
raffinose	1.88743234585541	1.9249811811712	1.9271507402214
melibiose	2.41331130595003	2.48767064524806	2.50541436013187
