Row	c1	c2	c3
d_glucose	0.000418708785776014	0.000501779156955657	0.000522851008914196
d_fructose	0.000361324251230647	0.000570824651874755	0.000382024434832831
raffinose	0.000647075915596014	0.000668508040848864	0.00073131965389594
melibiose	0.000247072516531105	0.000308136183630708	8.5798112012773e-05
