Row	ERM	HYP	ARB
av	0.00836901076695262	0.022029116642269	0.0303796336572372
av+sd	0.00833584139902642	0.0219418074135747	0.0302592283579371
av-sd	0.00840244515967193	0.022117123475763	0.0305010010004811
